id,storyStart,storyEnd
9999,1.3451632600044832,9.8031731939991
