id,storyStart,storyEnd
999,2.1635727120446973,9.449839870037977
