id,storyStart,storyPause,storyRestart
999,1.1615269580070162,13.175165624998044,13.486614499997813
