id,storyStart,storyPause,storyRestart
999,1.4504943749925587,5.918004292005207,6.353195916992263
,,8.321835708004073,8.844649749997188
,,10.1902964579931,11.537369291996583
